{"cameraMode":{"drawMode":0,"name":"Shaded","section":"Shading Mode"},"sceneLighting":true,"audioPlay":false,"sceneViewState":{"m_AlwaysRefresh":false,"showFog":true,"showSkybox":true,"showFlares":true,"showImageEffects":true,"showParticleSystems":true,"showVisualEffectGraphs":true,"m_FxEnabled":true},"in2DMode":false,"pivot":{"x":93.87127685546875,"y":-94.29600524902344,"z":128.506591796875},"rotation":{"x":0.35925599932670596,"y":0.03917494788765907,"z":-0.015096748247742653,"w":0.9322967529296875},"size":153.18276977539063,"orthographic":false}